document_name,authority,expiry_date,compliance_status,renewal_status,remarks
Industrial license,,2027-02-05,Compliant,Open,
ADOSH/ADPHC- IDB license.,,2026-12-03,Compliant,Open,
Environment agency Abu Dhabi (EAD),,2027-06-12,Compliant,Open,
Civil Defense license.,,2026-12-30,Compliant,Open,
Hassantuk certificate.,,2027-08-14,Compliant,Open,
Civil Defense Chemical Storage,,2027-06-21,Compliant,Open,
Civil Defense Open Shed Building,,2027-01-08,Compliant,Open,
Civil Defense ENCF Abu Dhabi Sale- Exit LLC,,2027-02-09,Compliant,Open,
Chemical Precursors (MOHAP),,2027-09-01,Compliant,Open,
"IMS ISO 9001:2015,14001 and 45001:2018",,2027-06-15,2nd Surveillance audit completed on 9 Jun-2026,Open,2nd Surveillance audit completed on 9 Jun-2026
EnMS ISO 50001:2018 Energy Management,,2029-01-29,1st Surveillance audit shall be scheduled in Nov-2027.,Open,1st Surveillance audit shall be scheduled in Nov-2027.
Global Alarm Fire Contract,,2027-03-01,Compliant,Open,
Green Mountain Waste Management Contract.,,2027-02-13,Compliant,Open,
Dulsco Waste Management Contract.,,2027-03-31,Compliant,Open,
ICV Certificate,,2026-06-29,Score 52.74%,Open,Score 52.74%
"Air, Noise, Water and illumination Monitoring.",,2026-08-10,Under procurement,Open,Under procurement
ETIP -ESP,,2026-12-30,Compliant,Open,
Pest control contract,,2026-12-30,Compliant,Open,
