employee_code,employee_name,ppe_item,issue_date,issue_type,remarks
CO8898,Saboor Said,Officer Safety Shoes Size 43,2026-08-05,New Joining,
CO8898,Habibullah,Officer Safety Shoes Size 43,2026-08-06,New Joining,
CO8898,Prashant,Officer Safety Shoes Size 43,2026-08-06,New Joining,
CO8944,Avadesh,Officer Safety Shoes Size 44,2026-08-06,New Joining,
CO8882,Prashant,Safety Helmet yellow,2026-08-06,New Joining,
CO8882,Avadesh,Safety Helmet yellow,2026-08-06,New Joining,
CO8897,Devendra Kumar Shiv Prasad,Officer Safety Shoes Size 42,2026-08-06,,
CO1701,Yadgiri Jeelan Basha,Safety Shoes Size 42 Black High,2026-08-08,,
CO8897,Anil Kumar Mandal,Officer Safety Shoes Size 42,2026-08-10,,
CO8897,Zahid Ullah Mon Khan,Officer Safety Shoes Size 42,2026-08-10,,
CO8896,Guduraj Yadav,Officer Safety Shoes Size 41,2026-08-10,,
CO8982,Som Bahadur Darji,Officer Safety Shoes Size 40,2026-08-17,,
